{"loss": [1.3722691535949707, 0.4411105811595917, 0.27087610960006714, 0.18241249024868011, 0.140513077378273, 0.10656356811523438, 0.08878099173307419, 0.0737883523106575, 0.06473453342914581, 0.055919867008924484], "accuracy": [0.596159040927887, 0.8612276911735535, 0.9124404191970825, 0.941432535648346, 0.9535670876502991, 0.9653744697570801, 0.9702966213226318, 0.9760722517967224, 0.978888988494873, 0.982032835483551], "val_loss": [0.4983258545398712, 0.37578722834587097, 0.34877729415893555, 0.3269958794116974, 0.16511312127113342, 0.14642781019210815, 0.19391466677188873, 0.12094788253307343, 0.14171947538852692, 0.1076689288020134], "val_accuracy": [0.8420214056968689, 0.8791258931159973, 0.8862394690513611, 0.9009788036346436, 0.9465057849884033, 0.9529933929443359, 0.9424083828926086, 0.9635215401649475, 0.9578306674957275, 0.9660254716873169]}